run_iso,index,seconds,status,name
2026-05-01T21:35:22Z,1,0.355,PASS,"binary present"
2026-05-01T21:35:22Z,2,6.817,PASS,"compiler ABI tables synced"
2026-05-01T21:35:22Z,3,1.516,PASS,"tools-suite rebuild"
2026-05-01T21:35:22Z,4,4.024,PASS,"NUM-024 cross-width audit (compiler+tools-suite must report 0)"
2026-05-01T21:35:22Z,5,0.577,PASS,"no UTF-8 mojibake in source/docs"
2026-05-01T21:35:22Z,6,7.530,PASS,"tests/err/*.nr have EXPECT headers"
2026-05-01T21:35:22Z,7,1.033,PASS,"RFC-0007 atomics lower to LLVM atomic IR"
2026-05-01T21:35:22Z,8,3.969,PASS,"RFC-0007 queues run SPSC/MPSC/capacity/benchmark fixtures"
2026-05-01T21:35:22Z,9,3.600,PASS,"CLI: nuc help advertises every dispatched command"
2026-05-01T21:35:22Z,10,1.037,PASS,"CLI: nuc zen/mco/registry/stage-dump/fix (utilities)"
2026-05-01T21:35:22Z,11,2.286,PASS,"CLI: --json variants emit machine-readable JSON"
2026-05-01T21:35:22Z,12,1.049,PASS,"CLI: --version / -v / -V / version aliases"
2026-05-01T21:35:22Z,13,4.502,PASS,"examples/showcase: lorenz/vqe_h2/market_maker/wing_simulator build"
2026-05-01T21:35:22Z,14,1.302,PASS,"CLI: nuc explain NUM-001 wired"
2026-05-01T21:35:22Z,15,88.519,PASS,"CLI: nuc explain — full spec code set wired"
2026-05-01T21:35:22Z,16,2.236,PASS,"CLI: nuc bootstrap status reports correctly"
2026-05-01T21:35:22Z,17,1.128,PASS,"CLI: nuc check + abi inspect"
2026-05-01T21:35:22Z,18,2.914,PASS,"CLI: nuc summary/audit/query/impact (inspectors)"
2026-05-01T21:35:22Z,19,6.555,PASS,"CLI: nuc policy/certify/translate/evidence/graph/perf/bench (diagnostics)"
2026-05-01T21:35:22Z,20,3.340,PASS,"CLI: nuc init scaffolding works"
2026-05-01T21:35:22Z,21,2.668,PASS,"CLI: nuc doc generator works"
2026-05-01T21:35:22Z,22,0.912,PASS,"CLI: nuc lock writes Nucleor.lock"
2026-05-01T21:35:22Z,23,2.840,PASS,"CLI: nuc test runs #[test] functions"
2026-05-01T21:35:22Z,24,1.351,PASS,"example 01_hello"
2026-05-01T21:35:22Z,25,1.105,PASS,"example 02_fib"
2026-05-01T21:35:22Z,26,0.608,PASS,"example 03_structs"
2026-05-01T21:35:22Z,27,2.314,PASS,"example 04_rods"
2026-05-01T21:35:22Z,28,1.330,PASS,"example 05_quantum"
2026-05-01T21:35:22Z,29,1.988,PASS,"example 06_perf_attrs"
2026-05-01T21:35:22Z,30,1.044,PASS,"example 08_linalg"
2026-05-01T21:35:22Z,31,1.245,PASS,"example 09_ode"
2026-05-01T21:35:22Z,32,1.527,PASS,"example 10_fft"
2026-05-01T21:35:22Z,33,0.714,PASS,"example 11_pid"
2026-05-01T21:35:22Z,34,1.244,PASS,"example 12_autodiff"
2026-05-01T21:35:22Z,35,1.832,PASS,"example 13_test_framework"
2026-05-01T21:35:22Z,36,1.996,PASS,"example 14_csv_summary"
2026-05-01T21:35:22Z,37,1.139,PASS,"example 15_word_count"
2026-05-01T21:35:22Z,38,1.222,PASS,"example 16_histogram"
2026-05-01T21:35:22Z,39,0.875,PASS,"example 17_linecount"
2026-05-01T21:35:22Z,40,1.142,PASS,"example 18_benchmark"
2026-05-01T21:35:22Z,41,1.701,PASS,"example 19_rt_pid"
2026-05-01T21:35:22Z,42,1.592,PASS,"example 20_rt_motor_ffi"
2026-05-01T21:35:22Z,43,0.813,PASS,"example 21_rt_state_machine"
2026-05-01T21:35:22Z,44,1.644,PASS,"example 22_rt_export"
2026-05-01T21:35:22Z,45,0.859,PASS,"example 23_rt_sensor_fusion"
2026-05-01T21:35:22Z,46,0.852,PASS,"example 24_rt_kalman_step"
2026-05-01T21:35:22Z,47,0.633,PASS,"example 25_patterns_tour"
2026-05-01T21:35:22Z,48,1.703,PASS,"example 07_rust_interop"
2026-05-01T21:35:22Z,49,3.165,PASS,"test lang/allow_suppress_warning"
2026-05-01T21:35:22Z,50,3.145,PASS,"test lang/arena_builtin"
2026-05-01T21:35:22Z,51,3.111,PASS,"test lang/arith"
2026-05-01T21:35:22Z,52,2.793,PASS,"test lang/as_cast"
2026-05-01T21:35:22Z,53,2.738,PASS,"test lang/assert_macros"
2026-05-01T21:35:22Z,54,4.192,PASS,"test lang/atomic_bit_ops"
2026-05-01T21:35:22Z,55,3.869,PASS,"test lang/binary_io"
2026-05-01T21:35:22Z,56,3.576,PASS,"test lang/btreemap_basic"
2026-05-01T21:35:22Z,57,4.233,PASS,"test lang/btreeset_basic"
2026-05-01T21:35:22Z,58,4.194,PASS,"test lang/closures"
2026-05-01T21:35:22Z,59,3.857,PASS,"test lang/control_flow"
2026-05-01T21:35:22Z,60,3.024,PASS,"test lang/debug_helpers"
2026-05-01T21:35:22Z,61,3.072,PASS,"test lang/enums"
2026-05-01T21:35:22Z,62,3.061,PASS,"test lang/f32_compute"
2026-05-01T21:35:22Z,63,2.745,PASS,"test lang/format2_combos"
2026-05-01T21:35:22Z,64,1.837,PASS,"test lang/format3_combos"
2026-05-01T21:35:22Z,65,3.369,PASS,"test lang/format3_float_mix"
2026-05-01T21:35:22Z,66,3.056,PASS,"test lang/format3_iis_isi"
2026-05-01T21:35:22Z,67,2.751,PASS,"test lang/format3_isf"
2026-05-01T21:35:22Z,68,1.845,PASS,"test lang/format3_sif"
2026-05-01T21:35:22Z,69,2.393,PASS,"test lang/format3_ssf"
2026-05-01T21:35:22Z,70,4.996,PASS,"test lang/format3_ssi_sis"
2026-05-01T21:35:22Z,71,4.699,PASS,"test lang/format_mixed_combos"
2026-05-01T21:35:22Z,72,3.835,PASS,"test lang/fs_basics"
2026-05-01T21:35:22Z,73,2.162,PASS,"test lang/hash_attributes"
2026-05-01T21:35:22Z,74,4.182,PASS,"test lang/hash_b64_uuid"
2026-05-01T21:35:22Z,75,4.184,PASS,"test lang/hashmap_str_i64"
2026-05-01T21:35:22Z,76,3.873,PASS,"test lang/hashset_basic"
2026-05-01T21:35:22Z,77,2.916,PASS,"test lang/hex_oct_bin_literals"
2026-05-01T21:35:22Z,78,2.237,PASS,"test lang/if_let"
2026-05-01T21:35:22Z,79,2.219,PASS,"test lang/imports"
2026-05-01T21:35:22Z,80,2.204,PASS,"test lang/inclusive_range"
2026-05-01T21:35:22Z,81,3.213,PASS,"test lang/loop_kw"
2026-05-01T21:35:22Z,82,3.195,PASS,"test lang/manifest_validate"
2026-05-01T21:35:22Z,83,3.178,PASS,"test lang/match_option_result"
2026-05-01T21:35:22Z,84,3.188,PASS,"test lang/math_primitives"
2026-05-01T21:35:22Z,85,2.875,PASS,"test lang/mod_decl"
2026-05-01T21:35:22Z,86,3.143,PASS,"test lang/no_alloc_clean"
2026-05-01T21:35:22Z,87,3.116,PASS,"test lang/numeric_literals"
2026-05-01T21:35:22Z,88,3.087,PASS,"test lang/overflow_modes"
2026-05-01T21:35:22Z,89,2.849,PASS,"test lang/overflow_narrow"
2026-05-01T21:35:22Z,90,2.526,PASS,"test lang/panic_builtin"
2026-05-01T21:35:22Z,91,2.795,PASS,"test lang/print_widths"
2026-05-01T21:35:22Z,92,2.481,PASS,"test lang/simd_basic"
2026-05-01T21:35:22Z,93,2.628,PASS,"test lang/str_arena_basic"
2026-05-01T21:35:22Z,94,2.903,PASS,"test lang/str_free_basic"
2026-05-01T21:35:22Z,95,2.576,PASS,"test lang/str_intern_basic"
2026-05-01T21:35:22Z,96,2.845,PASS,"test lang/string_type"
2026-05-01T21:35:22Z,97,2.862,PASS,"test lang/strings"
2026-05-01T21:35:22Z,98,2.845,PASS,"test lang/struct_methods"
2026-05-01T21:35:22Z,99,3.116,PASS,"test lang/time_env_os"
2026-05-01T21:35:22Z,100,2.791,PASS,"test lang/toml_basic"
2026-05-01T21:35:22Z,101,4.181,PASS,"test lang/try_op"
2026-05-01T21:35:22Z,102,5.334,PASS,"test lang/typed_vec_storage"
2026-05-01T21:35:22Z,103,5.338,PASS,"test lang/use_paths"
2026-05-01T21:35:22Z,104,5.029,PASS,"test lang/vec"
2026-05-01T21:35:22Z,105,2.472,PASS,"test lang/vecdeque_basic"
2026-05-01T21:35:22Z,106,2.158,PASS,"test lang/while_let"
2026-05-01T21:35:22Z,107,1.838,PASS,"test attrs/const_fn"
2026-05-01T21:35:22Z,108,1.815,PASS,"test attrs/hot"
2026-05-01T21:35:22Z,109,2.436,PASS,"test attrs/laws"
2026-05-01T21:35:22Z,110,2.402,PASS,"test attrs/layout"
2026-05-01T21:35:22Z,111,2.096,PASS,"test runtime/base_conv"
2026-05-01T21:35:22Z,112,1.776,PASS,"test runtime/char_predicates"
2026-05-01T21:35:22Z,113,2.516,PASS,"test runtime/checked_div_neg"
2026-05-01T21:35:22Z,114,2.487,PASS,"test runtime/concurrency"
2026-05-01T21:35:22Z,115,2.179,PASS,"test runtime/env_str_helpers"
2026-05-01T21:35:22Z,116,2.156,PASS,"test runtime/format_strings"
2026-05-01T21:35:22Z,117,2.940,PASS,"test runtime/fs_extras"
2026-05-01T21:35:22Z,118,2.898,PASS,"test runtime/hash_helpers"
2026-05-01T21:35:22Z,119,2.876,PASS,"test runtime/hashmap_extras"
2026-05-01T21:35:22Z,120,2.562,PASS,"test runtime/io"
2026-05-01T21:35:22Z,121,2.966,PASS,"test runtime/math_bit_helpers"
2026-05-01T21:35:22Z,122,2.939,PASS,"test runtime/parse_stringify"
2026-05-01T21:35:22Z,123,2.636,PASS,"test runtime/path_utils"
2026-05-01T21:35:22Z,124,2.902,PASS,"test runtime/random_extras"
2026-05-01T21:35:22Z,125,3.513,PASS,"test runtime/rng"
2026-05-01T21:35:22Z,126,3.181,PASS,"test runtime/stdin_read"
2026-05-01T21:35:22Z,127,3.163,PASS,"test runtime/str_padding"
2026-05-01T21:35:22Z,128,3.125,PASS,"test runtime/str_utils"
2026-05-01T21:35:22Z,129,4.601,PASS,"test runtime/test_isolation_smoke"
2026-05-01T21:35:22Z,130,4.972,PASS,"test runtime/time"
2026-05-01T21:35:22Z,131,4.883,PASS,"test runtime/time_and_hashmap_iter"
2026-05-01T21:35:22Z,132,4.219,PASS,"test runtime/time_decompose"
2026-05-01T21:35:22Z,133,4.748,PASS,"test runtime/vec_arith"
2026-05-01T21:35:22Z,134,4.170,PASS,"test runtime/vec_extras"
2026-05-01T21:35:22Z,135,3.297,PASS,"test runtime/vec_helpers"
2026-05-01T21:35:22Z,136,3.267,PASS,"test runtime/vec_more"
2026-05-01T21:35:22Z,137,2.215,PASS,"test runtime/vec_stats"
2026-05-01T21:35:22Z,138,3.562,PASS,"test rods/activation2_smoke"
2026-05-01T21:35:22Z,139,3.255,PASS,"test rods/admit_smoke"
2026-05-01T21:35:22Z,140,3.497,PASS,"test rods/ahrs_smoke"
2026-05-01T21:35:22Z,141,2.196,PASS,"test rods/allocator_smoke"
2026-05-01T21:35:22Z,142,5.078,PASS,"test rods/apf_smoke"
2026-05-01T21:35:22Z,143,4.732,PASS,"test rods/asserts"
2026-05-01T21:35:22Z,144,3.913,PASS,"test rods/astar_smoke"
2026-05-01T21:35:22Z,145,2.884,PASS,"test rods/atomic"
2026-05-01T21:35:22Z,146,1.993,PASS,"test rods/attention2_smoke"
2026-05-01T21:35:22Z,147,1.985,PASS,"test rods/audio_smoke"
2026-05-01T21:35:22Z,148,3.563,PASS,"test rods/ba_smoke"
2026-05-01T21:35:22Z,149,3.652,PASS,"test rods/base64"
2026-05-01T21:35:22Z,150,3.732,PASS,"test rods/bezier_smoke"
2026-05-01T21:35:22Z,151,3.692,PASS,"test rods/bicycle_smoke"
2026-05-01T21:35:22Z,152,2.998,PASS,"test rods/binary"
2026-05-01T21:35:22Z,153,3.715,PASS,"test rods/bioseq_smoke"
2026-05-01T21:35:22Z,154,4.534,PASS,"test rods/bits"
2026-05-01T21:35:22Z,155,4.237,PASS,"test rods/bitwise"
2026-05-01T21:35:22Z,156,3.643,PASS,"test rods/bt_smoke"
2026-05-01T21:35:22Z,157,3.622,PASS,"test rods/btreemap"
2026-05-01T21:35:22Z,158,2.533,PASS,"test rods/btreeset"
2026-05-01T21:35:22Z,159,1.963,PASS,"test rods/bvh_smoke"
2026-05-01T21:35:22Z,160,4.050,PASS,"test rods/cam_smoke"
2026-05-01T21:35:22Z,161,2.746,PASS,"test rods/canny_smoke"
2026-05-01T21:35:22Z,162,2.204,PASS,"test rods/catmullrom_smoke"
2026-05-01T21:35:22Z,163,3.940,PASS,"test rods/checkpoint_smoke"
2026-05-01T21:35:22Z,164,3.293,PASS,"test rods/chomp_smoke"
2026-05-01T21:35:22Z,165,2.713,PASS,"test rods/cilqr_smoke"
2026-05-01T21:35:22Z,166,4.266,PASS,"test rods/collision_smoke"
2026-05-01T21:35:22Z,167,3.866,PASS,"test rods/color_smoke"
2026-05-01T21:35:22Z,168,2.777,PASS,"test rods/comm_smoke"
2026-05-01T21:35:22Z,169,3.987,PASS,"test rods/conv_smoke"
2026-05-01T21:35:22Z,170,2.489,PASS,"test rods/cspline_smoke"
2026-05-01T21:35:22Z,171,2.824,PASS,"test rods/csv_table_smoke"
2026-05-01T21:35:22Z,172,3.697,PASS,"test rods/cubicspline_smoke"
2026-05-01T21:35:22Z,173,3.323,PASS,"test rods/ddp_smoke"
2026-05-01T21:35:22Z,174,2.764,PASS,"test rods/delaunay_smoke"
2026-05-01T21:35:22Z,175,3.713,PASS,"test rods/diff_drive_smoke"
2026-05-01T21:35:22Z,176,3.105,PASS,"test rods/diff_sim_smoke"
2026-05-01T21:35:22Z,177,2.207,PASS,"test rods/diffusion_smoke"
2026-05-01T21:35:22Z,178,2.405,PASS,"test rods/digest"
2026-05-01T21:35:22Z,179,4.139,PASS,"test rods/dstar_smoke"
2026-05-01T21:35:22Z,180,4.911,PASS,"test rods/dtw_smoke"
2026-05-01T21:35:22Z,181,4.872,PASS,"test rods/dubins_smoke"
2026-05-01T21:35:22Z,182,2.477,PASS,"test rods/dwa_smoke"
2026-05-01T21:35:22Z,183,3.955,PASS,"test rods/dynamics_smoke"
2026-05-01T21:35:22Z,184,4.256,PASS,"test rods/ekf_smoke"
2026-05-01T21:35:22Z,185,3.958,PASS,"test rods/embedding_smoke"
2026-05-01T21:35:22Z,186,2.731,PASS,"test rods/fast_corner_smoke"
2026-05-01T21:35:22Z,187,4.482,PASS,"test rods/fk_chain_smoke"
2026-05-01T21:35:22Z,188,3.086,PASS,"test rods/fs_extras"
2026-05-01T21:35:22Z,189,3.362,PASS,"test rods/fsp_smoke"
2026-05-01T21:35:22Z,190,3.332,PASS,"test rods/gpu_smoke"
2026-05-01T21:35:22Z,191,3.957,PASS,"test rods/grasp_smoke"
2026-05-01T21:35:22Z,192,3.402,PASS,"test rods/handeye_smoke"
2026-05-01T21:35:22Z,193,3.096,PASS,"test rods/harris_smoke"
2026-05-01T21:35:22Z,194,3.057,PASS,"test rods/hashmap_str"
2026-05-01T21:35:22Z,195,2.833,PASS,"test rods/hashset"
2026-05-01T21:35:22Z,196,3.432,PASS,"test rods/hnsw_smoke"
2026-05-01T21:35:22Z,197,2.849,PASS,"test rods/hough_circle_smoke"
2026-05-01T21:35:22Z,198,2.818,PASS,"test rods/hough_smoke"
2026-05-01T21:35:22Z,199,2.161,PASS,"test rods/hull_smoke"
2026-05-01T21:35:22Z,200,3.420,PASS,"test rods/hwbc_smoke"
2026-05-01T21:35:22Z,201,3.401,PASS,"test rods/icp_p2p_smoke"
2026-05-01T21:35:22Z,202,3.362,PASS,"test rods/icp_smoke"
2026-05-01T21:35:22Z,203,1.942,PASS,"test rods/ik_dls_smoke"
2026-05-01T21:35:22Z,204,3.460,PASS,"test rods/ilqr_smoke"
2026-05-01T21:35:22Z,205,3.436,PASS,"test rods/image_pyramid_smoke"
2026-05-01T21:35:22Z,206,3.406,PASS,"test rods/imgproc_smoke"
2026-05-01T21:35:22Z,207,2.508,PASS,"test rods/json"
2026-05-01T21:35:22Z,208,4.319,PASS,"test rods/kdt_smoke"
2026-05-01T21:35:22Z,209,4.321,PASS,"test rods/kinematics_smoke"
2026-05-01T21:35:22Z,210,3.679,PASS,"test rods/klt_smoke"
2026-05-01T21:35:22Z,211,3.697,PASS,"test rods/kv_cache_smoke"
2026-05-01T21:35:22Z,212,4.587,PASS,"test rods/lcp_smoke"
2026-05-01T21:35:22Z,213,4.561,PASS,"test rods/loss_smoke"
2026-05-01T21:35:22Z,214,4.276,PASS,"test rods/lqr_smoke"
2026-05-01T21:35:22Z,215,3.396,PASS,"test rods/mecanum_smoke"
2026-05-01T21:35:22Z,216,4.522,PASS,"test rods/mem_smoke"
2026-05-01T21:35:22Z,217,4.227,PASS,"test rods/mesh_smoke"
2026-05-01T21:35:22Z,218,3.921,PASS,"test rods/mobile_smoke"
2026-05-01T21:35:22Z,219,3.366,PASS,"test rods/mpc_smoke"
2026-05-01T21:35:22Z,220,3.053,PASS,"test rods/mppi_smoke"
2026-05-01T21:35:22Z,221,4.251,PASS,"test rods/mps_smoke"
2026-05-01T21:35:22Z,222,3.905,PASS,"test rods/numeric"
2026-05-01T21:35:22Z,223,3.054,PASS,"test rods/occgrid_smoke"
2026-05-01T21:35:22Z,224,3.136,PASS,"test rods/octree_smoke"
2026-05-01T21:35:22Z,225,2.462,PASS,"test rods/os_info"
2026-05-01T21:35:22Z,226,3.051,PASS,"test rods/pcalign_smoke"
2026-05-01T21:35:22Z,227,2.753,PASS,"test rods/pf_smoke"
2026-05-01T21:35:22Z,228,3.747,PASS,"test rods/pgs3_smoke"
2026-05-01T21:35:22Z,229,3.442,PASS,"test rods/pgs_smoke"
2026-05-01T21:35:22Z,230,3.403,PASS,"test rods/pidc_smoke"
2026-05-01T21:35:22Z,231,3.086,PASS,"test rods/pnp_smoke"
2026-05-01T21:35:22Z,232,4.332,PASS,"test rods/pq_smoke"
2026-05-01T21:35:22Z,233,4.023,PASS,"test rods/pqueue_smoke"
2026-05-01T21:35:22Z,234,4.283,PASS,"test rods/prm_smoke"
2026-05-01T21:35:22Z,235,4.655,PASS,"test rods/process"
2026-05-01T21:35:22Z,236,2.579,PASS,"test rods/purepursuit_smoke"
2026-05-01T21:35:22Z,237,2.842,PASS,"test rods/pursuit_smoke"
2026-05-01T21:35:22Z,238,4.318,PASS,"test rods/qtraj_smoke"
2026-05-01T21:35:22Z,239,3.677,PASS,"test rods/quantize_smoke"
2026-05-01T21:35:22Z,240,4.511,PASS,"test rods/quantum_basic"
2026-05-01T21:35:22Z,241,3.165,PASS,"test rods/quat_smoke"
2026-05-01T21:35:22Z,242,3.114,PASS,"test rods/qutil_smoke"
2026-05-01T21:35:22Z,243,2.502,PASS,"test rods/ransac_smoke"
2026-05-01T21:35:22Z,244,3.221,PASS,"test rods/rdp_smoke"
2026-05-01T21:35:22Z,245,3.182,PASS,"test rods/reach_smoke"
2026-05-01T21:35:22Z,246,3.152,PASS,"test rods/reeds_shepp_smoke"
2026-05-01T21:35:22Z,247,1.945,PASS,"test rods/regex"
2026-05-01T21:35:22Z,248,3.792,PASS,"test rods/rl_smoke"
2026-05-01T21:35:22Z,249,3.763,PASS,"test rods/rod_helpers_smoke"
2026-05-01T21:35:22Z,250,4.037,PASS,"test rods/rrt_smoke"
2026-05-01T21:35:22Z,251,3.725,PASS,"test rods/rust_interop"
2026-05-01T21:35:22Z,252,3.192,PASS,"test rods/scan_smoke"
2026-05-01T21:35:22Z,253,3.164,PASS,"test rods/scanmatch_smoke"
2026-05-01T21:35:22Z,254,3.144,PASS,"test rods/scurve_smoke"
2026-05-01T21:35:22Z,255,3.121,PASS,"test rods/sdf_smoke"
2026-05-01T21:35:22Z,256,2.563,PASS,"test rods/se3_smoke"
2026-05-01T21:35:22Z,257,2.896,PASS,"test rods/serial_smoke"
2026-05-01T21:35:22Z,258,2.501,PASS,"test rods/sgrid_smoke"
2026-05-01T21:35:22Z,259,2.175,PASS,"test rods/skid_steer_smoke"
2026-05-01T21:35:22Z,260,2.250,PASS,"test rods/sobel_smoke"
2026-05-01T21:35:22Z,261,5.839,PASS,"test rods/socket"
2026-05-01T21:35:22Z,262,3.480,PASS,"test rods/speculative_smoke"
2026-05-01T21:35:22Z,263,3.126,PASS,"test rods/stack_smoke"
2026-05-01T21:35:22Z,264,2.425,PASS,"test rods/stanley_smoke"
2026-05-01T21:35:22Z,265,3.129,PASS,"test rods/string_algo_smoke"
2026-05-01T21:35:22Z,266,3.084,PASS,"test rods/string_type"
2026-05-01T21:35:22Z,267,3.463,PASS,"test rods/tf_smoke"
2026-05-01T21:35:22Z,268,2.743,PASS,"test rods/thread_smoke"
2026-05-01T21:35:22Z,269,1.573,PASS,"test rods/time_typed"
2026-05-01T21:35:22Z,270,1.872,PASS,"test rods/tokenizer_smoke"
2026-05-01T21:35:22Z,271,2.523,PASS,"test rods/toml"
2026-05-01T21:35:22Z,272,2.804,PASS,"test rods/topp_smoke"
2026-05-01T21:35:22Z,273,2.473,PASS,"test rods/trajectory_smoke"
2026-05-01T21:35:22Z,274,2.430,PASS,"test rods/transformer_smoke"
2026-05-01T21:35:22Z,275,2.877,PASS,"test rods/trapvel_smoke"
2026-05-01T21:35:22Z,276,2.579,PASS,"test rods/ukf_smoke"
2026-05-01T21:35:22Z,277,3.720,PASS,"test rods/urdf_smoke"
2026-05-01T21:35:22Z,278,1.863,PASS,"test rods/vecdeque"
2026-05-01T21:35:22Z,279,3.331,PASS,"test rods/vfh_smoke"
2026-05-01T21:35:22Z,280,3.297,PASS,"test rods/vgraph_smoke"
2026-05-01T21:35:22Z,281,2.984,PASS,"test rods/vision_smoke"
2026-05-01T21:35:22Z,282,2.947,PASS,"test rods/voronoi_smoke"
2026-05-01T21:35:22Z,283,3.715,PASS,"test rods/voxel_smoke"
2026-05-01T21:35:22Z,284,3.401,PASS,"test rods/wavefront_smoke"
2026-05-01T21:35:22Z,285,3.394,PASS,"test rods/wbc_smoke"
2026-05-01T21:35:22Z,286,3.390,PASS,"test rods/zmp_smoke"
2026-05-01T21:35:22Z,287,4.327,PASS,"test features/arithmetic"
2026-05-01T21:35:22Z,288,4.290,PASS,"test features/borrow_basic"
2026-05-01T21:35:22Z,289,4.257,PASS,"test features/borrow_comprehensive"
2026-05-01T21:35:22Z,290,3.943,PASS,"test features/borrow_copy"
2026-05-01T21:35:22Z,291,4.328,PASS,"test features/borrow_deref"
2026-05-01T21:35:22Z,292,4.030,PASS,"test features/borrow_field_disjoint"
2026-05-01T21:35:22Z,293,4.581,PASS,"test features/borrow_multiple"
2026-05-01T21:35:22Z,294,3.674,PASS,"test features/break_continue"
2026-05-01T21:35:22Z,295,3.229,PASS,"test features/cache_v2_invalidation"
2026-05-01T21:35:22Z,296,3.237,PASS,"test features/cache_v2_round_trip"
2026-05-01T21:35:22Z,297,3.202,PASS,"test features/closure_basic"
2026-05-01T21:35:22Z,298,3.185,PASS,"test features/closure_braced_body_tail_expr"
2026-05-01T21:35:22Z,299,2.993,PASS,"test features/closure_capture"
2026-05-01T21:35:22Z,300,3.283,PASS,"test features/csv_table_f64"
2026-05-01T21:35:22Z,301,3.270,PASS,"test features/diff_sim_f64"
2026-05-01T21:35:22Z,302,2.918,PASS,"test features/fizzbuzz"
2026-05-01T21:35:22Z,303,2.114,PASS,"test features/fizzbuzz2"
2026-05-01T21:35:22Z,304,3.495,PASS,"test features/fk_chain_f64"
2026-05-01T21:35:22Z,305,3.165,PASS,"test features/for_loop_push_during_iter_bounded"
2026-05-01T21:35:22Z,306,2.854,PASS,"test features/forin_array"
2026-05-01T21:35:22Z,307,3.608,PASS,"test features/forin_vec"
2026-05-01T21:35:22Z,308,2.596,PASS,"test features/generic_enum"
2026-05-01T21:35:22Z,309,2.858,PASS,"test features/generic_fn"
2026-05-01T21:35:22Z,310,2.546,PASS,"test features/generic_struct"
2026-05-01T21:35:22Z,311,3.214,PASS,"test features/iter_combinators"
2026-05-01T21:35:22Z,312,3.170,PASS,"test features/iter_more"
2026-05-01T21:35:22Z,313,3.150,PASS,"test features/kdt_f64"
2026-05-01T21:35:22Z,314,2.849,PASS,"test features/kinematics_f64"
2026-05-01T21:35:22Z,315,2.796,PASS,"test features/let_in_loop"
2026-05-01T21:35:22Z,316,3.161,PASS,"test features/linalg_f64"
2026-05-01T21:35:22Z,317,2.729,PASS,"test features/logical_ops"
2026-05-01T21:35:22Z,318,2.425,PASS,"test features/math_extended"
2026-05-01T21:35:22Z,319,2.397,PASS,"test features/math_float"
2026-05-01T21:35:22Z,320,2.851,PASS,"test features/math_int"
2026-05-01T21:35:22Z,321,2.261,PASS,"test features/math_lib"
2026-05-01T21:35:22Z,322,1.651,PASS,"test features/math_stdlib"
2026-05-01T21:35:22Z,323,1.852,PASS,"test features/move_comprehensive"
2026-05-01T21:35:22Z,324,2.701,PASS,"test features/move_option"
2026-05-01T21:35:22Z,325,2.776,PASS,"test features/mut_borrow_basic"
2026-05-01T21:35:22Z,326,2.764,PASS,"test features/mut_borrow_fn_param"
2026-05-01T21:35:22Z,327,2.744,PASS,"test features/mut_field_assign"
2026-05-01T21:35:22Z,328,2.372,PASS,"test features/narrow_div_panic_overflow"
2026-05-01T21:35:22Z,329,2.384,PASS,"test features/option_question_op"
2026-05-01T21:35:22Z,330,2.365,PASS,"test features/option_result_basic"
2026-05-01T21:35:22Z,331,2.059,PASS,"test features/option_result_f64"
2026-05-01T21:35:22Z,332,3.213,PASS,"test features/overflow_comprehensive"
2026-05-01T21:35:22Z,333,2.283,PASS,"test features/overflow_saturating"
2026-05-01T21:35:22Z,334,1.975,PASS,"test features/overflow_trap"
2026-05-01T21:35:22Z,335,2.230,PASS,"test features/overflow_wrapping"
2026-05-01T21:35:22Z,336,2.142,PASS,"test features/rfc0006_ensure_basic"
2026-05-01T21:35:22Z,337,2.116,PASS,"test features/rfc0006_ensure_midbody"
2026-05-01T21:35:22Z,338,2.119,PASS,"test features/rfc0006_invariant_basic"
2026-05-01T21:35:22Z,339,2.598,PASS,"test features/rfc0006_invariant_ctor"
2026-05-01T21:35:22Z,340,2.076,PASS,"test features/rfc0006_multi_attrs"
2026-05-01T21:35:22Z,341,2.053,PASS,"test features/rfc0006_no_check"
2026-05-01T21:35:22Z,342,2.040,PASS,"test features/rfc0006_old_expr"
2026-05-01T21:35:22Z,343,1.070,PASS,"test features/rfc0006_require_basic"
2026-05-01T21:35:22Z,344,2.585,PASS,"test features/rfc0007_atomic_basic"
2026-05-01T21:35:22Z,345,2.271,PASS,"test features/rfc0007_atomic_bool"
2026-05-01T21:35:22Z,346,1.659,PASS,"test features/rfc0007_atomic_orderings"
2026-05-01T21:35:22Z,347,1.598,PASS,"test features/rfc0007_atomic_swap_bool"
2026-05-01T21:35:22Z,348,2.382,PASS,"test features/rfc0007_queue_bench"
2026-05-01T21:35:22Z,349,2.372,PASS,"test features/rfc0007_queue_capacity"
2026-05-01T21:35:22Z,350,2.367,PASS,"test features/rfc0007_queue_mpsc"
2026-05-01T21:35:22Z,351,2.332,PASS,"test features/rfc0007_queue_spsc"
2026-05-01T21:35:22Z,352,2.963,PASS,"test features/rfc0014_max_depth_assoc_fn"
2026-05-01T21:35:22Z,353,2.662,PASS,"test features/rfc0014_max_depth_bounded"
2026-05-01T21:35:22Z,354,2.636,PASS,"test features/rfc0014_max_depth_impl_method"
2026-05-01T21:35:22Z,355,2.938,PASS,"test features/rfc0015_phase3_widths_full"
2026-05-01T21:35:22Z,356,2.447,PASS,"test features/rfc0015_phase3a_widths"
2026-05-01T21:35:22Z,357,2.417,PASS,"test features/rfc0023_at_bindings"
2026-05-01T21:35:22Z,358,2.101,PASS,"test features/rfc0023_pattern_guards"
2026-05-01T21:35:22Z,359,1.528,PASS,"test features/rfc0023_slice_patterns"
2026-05-01T21:35:22Z,360,2.180,PASS,"test features/rfc0023_struct_destructure"
2026-05-01T21:35:22Z,361,3.052,PASS,"test features/rfc0023_struct_pat_guard_fallthrough"
2026-05-01T21:35:22Z,362,3.041,PASS,"test features/rfc0024_generic_t_propagation"
2026-05-01T21:35:22Z,363,3.029,PASS,"test features/rrt_f64"
2026-05-01T21:35:22Z,364,1.604,PASS,"test features/selective_import"
2026-05-01T21:35:22Z,365,2.203,PASS,"test features/str_char_at_strict_basic"
2026-05-01T21:35:22Z,366,1.896,PASS,"test features/str_literal_methods"
2026-05-01T21:35:22Z,367,1.882,PASS,"test features/str_to_int_strict"
2026-05-01T21:35:22Z,368,3.321,PASS,"test features/string_basic"
2026-05-01T21:35:22Z,369,3.176,PASS,"test features/string_methods"
2026-05-01T21:35:22Z,370,3.183,PASS,"test features/string_ops"
2026-05-01T21:35:22Z,371,2.835,PASS,"test features/trait_basic"
2026-05-01T21:35:22Z,372,2.193,PASS,"test features/trait_bounds"
2026-05-01T21:35:22Z,373,2.294,PASS,"test features/trait_default"
2026-05-01T21:35:22Z,374,2.008,PASS,"test features/trait_method"
2026-05-01T21:35:22Z,375,2.300,PASS,"test features/trajectory_advanced_f64"
2026-05-01T21:35:22Z,376,3.673,PASS,"test features/trajectory_f64"
2026-05-01T21:35:22Z,377,3.017,PASS,"test features/u32_comparison"
2026-05-01T21:35:22Z,378,2.978,PASS,"test features/u64_comparison"
2026-05-01T21:35:22Z,379,3.002,PASS,"test features/units_convert_f64"
2026-05-01T21:35:22Z,380,2.942,PASS,"test features/vec_basic"
2026-05-01T21:35:22Z,381,2.419,PASS,"test features/vec_fold"
2026-05-01T21:35:22Z,382,2.396,PASS,"test features/vec_grow"
2026-05-01T21:35:22Z,383,2.102,PASS,"test features/vec_iter"
2026-05-01T21:35:22Z,384,2.091,PASS,"test features/vec_iter_combinators"
2026-05-01T21:35:22Z,385,4.096,PASS,"test features/vec_map_filter"
2026-05-01T21:35:22Z,386,3.787,PASS,"test features/where_clauses"
2026-05-01T21:35:22Z,387,4.126,PASS,"test features/while_sum"
2026-05-01T21:35:22Z,388,3.806,PASS,"test features/wrapping_everywhere_perf"
2026-05-01T21:35:22Z,389,0.976,PASS,"negative err_arena_destroy_live_ref"
2026-05-01T21:35:22Z,390,0.124,PASS,"negative err_args"
2026-05-01T21:35:22Z,391,0.404,PASS,"negative err_arith_int_vs_float"
2026-05-01T21:35:22Z,392,0.414,PASS,"negative err_assign_shared_ref"
2026-05-01T21:35:22Z,393,0.693,PASS,"negative err_atomic_001_blocking"
2026-05-01T21:35:22Z,394,0.125,PASS,"negative err_atomic_002_alloc"
2026-05-01T21:35:22Z,395,0.109,PASS,"negative err_atomic_003_cell"
2026-05-01T21:35:22Z,396,0.421,PASS,"negative err_atomic_004_cmpxchg_order"
2026-05-01T21:35:22Z,397,2.116,PASS,"negative err_atomic_005_invalid_load_order"
2026-05-01T21:35:22Z,398,1.834,PASS,"negative err_atomic_006_in_closure"
2026-05-01T21:35:22Z,399,0.688,PASS,"negative err_bare_return_nonvoid"
2026-05-01T21:35:22Z,400,0.402,PASS,"negative err_bool_arith"
2026-05-01T21:35:22Z,401,1.327,PASS,"negative err_borrow_after_move"
2026-05-01T21:35:22Z,402,1.030,PASS,"negative err_box_dyn_missing_impl"
2026-05-01T21:35:22Z,403,0.752,PASS,"negative err_break_outside_loop"
2026-05-01T21:35:22Z,404,0.456,PASS,"negative err_call_str_as_fn"
2026-05-01T21:35:22Z,405,2.205,PASS,"negative err_chained_assignment"
2026-05-01T21:35:22Z,406,1.910,PASS,"negative err_chained_method_on_void"
2026-05-01T21:35:22Z,407,1.904,PASS,"negative err_chained_void_after_clone"
2026-05-01T21:35:22Z,408,0.126,PASS,"negative err_closure_argc"
2026-05-01T21:35:22Z,409,0.389,PASS,"negative err_cmp_int_vs_float"
2026-05-01T21:35:22Z,410,1.601,PASS,"negative err_continue_outside_loop"
2026-05-01T21:35:22Z,411,1.587,PASS,"negative err_contract_old_in_require"
2026-05-01T21:35:22Z,412,1.603,PASS,"negative err_contract_old_vec_aliasing"
2026-05-01T21:35:22Z,413,0.092,PASS,"negative err_contract_result_in_void_fn"
2026-05-01T21:35:22Z,414,0.699,PASS,"negative err_contract_undefined_ident"
2026-05-01T21:35:22Z,415,0.410,PASS,"negative err_dangling_primitive"
2026-05-01T21:35:22Z,416,0.725,PASS,"negative err_dangling_return"
2026-05-01T21:35:22Z,417,1.540,PASS,"negative err_dbc_mode_invalid"
2026-05-01T21:35:22Z,418,0.408,PASS,"negative err_deny_promotes_warning"
2026-05-01T21:35:22Z,419,0.406,PASS,"negative err_depth_001_unbounded"
2026-05-01T21:35:22Z,420,0.400,PASS,"negative err_depth_002_overflow"
2026-05-01T21:35:22Z,421,0.092,PASS,"negative err_depth_003_cycle"
2026-05-01T21:35:22Z,422,0.119,PASS,"negative err_depth_004_invalid_context"
2026-05-01T21:35:22Z,423,0.108,PASS,"negative err_depth_005_stack_budget"
2026-05-01T21:35:22Z,424,0.378,PASS,"negative err_deref_nonref"
2026-05-01T21:35:22Z,425,3.014,PASS,"negative err_device_use_after_move"
2026-05-01T21:35:22Z,426,0.701,PASS,"negative err_field_assign_while_borrowed"
2026-05-01T21:35:22Z,427,0.135,PASS,"negative err_field_shared_mut_conflict"
2026-05-01T21:35:22Z,428,0.100,PASS,"negative err_float_as_str"
2026-05-01T21:35:22Z,429,0.956,PASS,"negative err_fmt_003_extra_args"
2026-05-01T21:35:22Z,430,0.971,PASS,"negative err_for_in_str"
2026-05-01T21:35:22Z,431,0.388,PASS,"negative err_for_in_struct"
2026-05-01T21:35:22Z,432,0.384,PASS,"negative err_format_struct_no_display"
2026-05-01T21:35:22Z,433,0.389,PASS,"negative err_if_branches_diff_types"
2026-05-01T21:35:22Z,434,2.425,PASS,"negative err_if_no_else_assigned"
2026-05-01T21:35:22Z,435,2.116,PASS,"negative err_immutable_assign"
2026-05-01T21:35:22Z,436,0.402,PASS,"negative err_int_lit_overflow"
2026-05-01T21:35:22Z,437,0.413,PASS,"negative err_int_match_no_wild"
2026-05-01T21:35:22Z,438,0.677,PASS,"negative err_int_var_in_float_let"
2026-05-01T21:35:22Z,439,0.675,PASS,"negative err_invalid_string_escape"
2026-05-01T21:35:22Z,440,0.097,PASS,"negative err_let_void_closure"
2026-05-01T21:35:22Z,441,0.102,PASS,"negative err_let_void_rhs"
2026-05-01T21:35:22Z,442,0.386,PASS,"negative err_lifetime_dangling_return"
2026-05-01T21:35:22Z,443,0.391,PASS,"negative err_lifetime_scope_escape"
2026-05-01T21:35:22Z,444,0.967,PASS,"negative err_match_012_struct_pattern_literal"
2026-05-01T21:35:22Z,445,0.094,PASS,"negative err_match_arm_type_mismatch"
2026-05-01T21:35:22Z,446,0.109,PASS,"negative err_match_at_binding_collision"
2026-05-01T21:35:22Z,447,0.391,PASS,"negative err_match_bool_literal_arm"
2026-05-01T21:35:22Z,448,1.513,PASS,"negative err_match_or_binding_mismatch"
2026-05-01T21:35:22Z,449,1.510,PASS,"negative err_match_pattern_wrong_type"
2026-05-01T21:35:22Z,450,0.113,PASS,"negative err_match_slice_overlap"
2026-05-01T21:35:22Z,451,0.099,PASS,"negative err_match_struct_field_literal"
2026-05-01T21:35:22Z,452,1.921,PASS,"negative err_match_unreachable"
2026-05-01T21:35:22Z,453,0.664,PASS,"negative err_method_on_primitive"
2026-05-01T21:35:22Z,454,1.563,PASS,"negative err_move_basic"
2026-05-01T21:35:22Z,455,1.242,PASS,"negative err_move_conditional"
2026-05-01T21:35:22Z,456,1.547,PASS,"negative err_move_fn_call"
2026-05-01T21:35:22Z,457,0.668,PASS,"negative err_move_while_borrowed"
2026-05-01T21:35:22Z,458,0.110,PASS,"negative err_mut_borrow_immutable"
2026-05-01T21:35:22Z,459,0.116,PASS,"negative err_mut_then_shared"
2026-05-01T21:35:22Z,460,0.382,PASS,"negative err_nested_call_argc"
2026-05-01T21:35:22Z,461,1.817,PASS,"negative err_no_alloc_violation"
2026-05-01T21:35:22Z,462,1.821,PASS,"negative err_no_dyn_violation"
2026-05-01T21:35:22Z,463,2.695,PASS,"negative err_no_main_fn"
2026-05-01T21:35:22Z,464,0.395,PASS,"negative err_no_panic_violation"
2026-05-01T21:35:22Z,465,0.376,PASS,"negative err_num002_literal_overflow"
2026-05-01T21:35:22Z,466,0.392,PASS,"negative err_print_no_arg"
2026-05-01T21:35:22Z,467,0.396,PASS,"negative err_print_non_str"
2026-05-01T21:35:22Z,468,2.027,PASS,"negative err_priv_cross_module"
2026-05-01T21:35:22Z,469,2.070,PASS,"negative err_pure_ambient_random"
2026-05-01T21:35:22Z,470,0.389,PASS,"negative err_question_missing_from_conversion"
2026-05-01T21:35:22Z,471,1.278,PASS,"negative err_question_on_var_ref"
2026-05-01T21:35:22Z,472,0.095,PASS,"negative err_restricts_specific"
2026-05-01T21:35:22Z,473,0.416,PASS,"negative err_return_value_in_void_fn"
2026-05-01T21:35:22Z,474,0.400,PASS,"negative err_rt006_async_deadline"
2026-05-01T21:35:22Z,475,0.947,PASS,"negative err_rt006_async_no_alloc"
2026-05-01T21:35:22Z,476,0.949,PASS,"negative err_scope_escape"
2026-05-01T21:35:22Z,477,0.378,PASS,"negative err_shared_mut_conflict"
2026-05-01T21:35:22Z,478,0.400,PASS,"negative err_shift_var_rhs_const"
2026-05-01T21:35:22Z,479,2.520,PASS,"negative err_spawn_send"
2026-05-01T21:35:22Z,480,2.107,PASS,"negative err_str_index_in_arg"
2026-05-01T21:35:22Z,481,0.107,PASS,"negative err_string_arith"
2026-05-01T21:35:22Z,482,0.397,PASS,"negative err_string_eq_ptr_compare"
2026-05-01T21:35:22Z,483,0.412,PASS,"negative err_struct_as_fn"
2026-05-01T21:35:22Z,484,1.543,PASS,"negative err_struct_as_value"
2026-05-01T21:35:22Z,485,0.953,PASS,"negative err_struct_dup_field"
2026-05-01T21:35:22Z,486,0.096,PASS,"negative err_struct_eq_ptr_compare"
2026-05-01T21:35:22Z,487,0.376,PASS,"negative err_struct_field_called"
2026-05-01T21:35:22Z,488,0.372,PASS,"negative err_struct_int_to_bool"
2026-05-01T21:35:22Z,489,1.543,PASS,"negative err_t321_deny_fn"
2026-05-01T21:35:22Z,490,1.250,PASS,"negative err_t323_allow_fn_no_error_suppress"
2026-05-01T21:35:22Z,491,0.109,PASS,"negative err_tail_expr_ret_mismatch"
2026-05-01T21:35:22Z,492,0.398,PASS,"negative err_taint_arg"
2026-05-01T21:35:22Z,493,0.679,PASS,"negative err_taint_leak"
2026-05-01T21:35:22Z,494,1.249,PASS,"negative err_taint_propagation"
2026-05-01T21:35:22Z,495,0.100,PASS,"negative err_taint_to_clean"
2026-05-01T21:35:22Z,496,0.094,PASS,"negative err_trait_bound_unmet"
2026-05-01T21:35:22Z,497,0.386,PASS,"negative err_two_mut_borrows"
2026-05-01T21:35:22Z,498,2.165,PASS,"negative err_undefined_fn_link"
2026-05-01T21:35:22Z,499,1.775,PASS,"negative err_undefined_var"
2026-05-01T21:35:22Z,500,0.972,PASS,"negative err_unknown_struct_field_access"
2026-05-01T21:35:22Z,501,0.097,PASS,"negative err_unknown_struct_field_assign"
2026-05-01T21:35:22Z,502,0.411,PASS,"negative err_unknown_trait_bound"
2026-05-01T21:35:22Z,503,2.380,PASS,"negative err_use_after_move"
2026-05-01T21:35:22Z,504,1.230,PASS,"negative err_use_after_move_string_binding"
2026-05-01T21:35:22Z,505,0.870,PASS,"negative err_vec_method_typo"
2026-05-01T21:35:22Z,506,0.381,PASS,"negative err_void_in_arith"
2026-05-01T21:35:22Z,507,2.029,PASS,"self-host rebuild closes"
2026-05-01T21:35:22Z,508,5.989,PASS,"self-host memory budget (<= 770 MB; tight cap, see docs/milestones/MEMORY_DRIFT_2026-05-01.md)"
2026-05-01T21:35:22Z,509,6.101,PASS,"tools-suite memory budget (<= 580 MB; tight cap, see docs/milestones/MEMORY_DRIFT_2026-05-01.md)"
2026-05-01T21:35:22Z,510,0.958,PASS,"T1.5a mod block-form inline"
2026-05-01T21:35:22Z,511,2.494,PASS,"T1.5b pub introspection (summary surfaces visibility)"
2026-05-01T21:35:22Z,512,1.509,PASS,"T1.5c privatization (cross-module call surfaces succeed)"
2026-05-01T21:35:22Z,513,2.603,PASS,"T1.5d MOD-003 surfaces with origin + pub hint"
2026-05-01T21:35:22Z,514,0.659,PASS,"T1.4 nuc registry export-static (GH-Pages schema)"
2026-05-01T21:35:22Z,515,2.044,PASS,"T1.6 gen-headers emits #[repr(C)] struct typedefs"
2026-05-01T21:35:22Z,516,1.635,PASS,"T2.6 println!/print!/format! macros expand correctly"
2026-05-01T21:35:22Z,517,1.193,PASS,"T2.1 range patterns in match (1..=9 / 1..10)"
2026-05-01T21:35:22Z,518,1.002,PASS,"T2.2 Vec iterator methods (.map/.filter/.fold/.sum/.min/.max)"
2026-05-01T21:35:22Z,519,1.733,PASS,"T2.3 closure literals |args| body (no-capture)"
2026-05-01T21:35:22Z,520,1.586,PASS,"T2.4 trait objects (Box<dyn Trait> 2-cell handle helpers)"
2026-05-01T21:35:22Z,521,0.972,PASS,"T2.5 lifetime parameters parse cleanly (advisory metadata)"
2026-05-01T21:35:22Z,522,1.197,PASS,"T2.7 nuc doc --html emits styled standalone HTML"
2026-05-01T21:35:22Z,523,2.133,PASS,"T2.8 async (threads-only): async fn / async_spawn / .await"
2026-05-01T21:35:22Z,524,1.074,PASS,"T3.2 #[no_panic] passes when body has no panic-prone calls"
2026-05-01T21:35:22Z,525,1.520,PASS,"T3.3 static WCET v1 estimator emits warning[RT-004]"
2026-05-01T21:35:22Z,526,2.837,PASS,"T3.5 RT-007 fires when #[deadline] lacks no_alloc/no_panic"
2026-05-01T21:35:22Z,527,0.196,PASS,"T3.4 #[export] surfaces in nuc gen-headers"
2026-05-01T21:35:22Z,528,2.422,PASS,"T3.6 #[no_dyn] passes when body has no dynamic dispatch"
2026-05-01T21:35:22Z,529,0.752,PASS,"T3.7 RT body checks strip strings and line comments"
2026-05-01T21:35:22Z,530,0.735,PASS,"T3.8 RT-006 fires on RT attr + async fn"
2026-05-01T21:35:22Z,531,0.931,PASS,"T3.12 #[allow_fn] suppresses one RT diag for one fn"
2026-05-01T21:35:22Z,532,1.730,PASS,"T3.17 #[allow_fn(RT-004)] suppresses static WCET warning per-fn"
2026-05-01T21:35:22Z,533,0.117,PASS,"T3.18 #[deny_fn(RT-007)] promotes warning to error (strict)"
2026-05-01T21:35:22Z,534,0.402,PASS,"T3.19 #[allow_fn(RT-001)] cannot demote error tier (strict)"
2026-05-01T21:35:22Z,535,2.596,PASS,"T3.20 DIAG-001 fires for #[allow]/#[deny] unknown-prefix codes"
2026-05-01T21:35:22Z,536,0.597,PASS,"T3.21 #[allow(DIAG-001)] suppresses DIAG-001 itself"
2026-05-01T21:35:22Z,537,1.985,PASS,"T3.23 diag-code drift (s1 is_known_diag_code vs smoke list)"
2026-05-01T21:35:22Z,538,0.867,PASS,"T3.24 spec-doc drift (canonical codes vs Nucleor_Error_Codes.md)"
2026-05-01T21:35:22Z,539,3.112,PASS,"T3.25 examples-list drift (examples/*.nr vs examples.list)"
2026-05-01T21:35:22Z,540,0.582,PASS,"T3.26 cli-help cmds drift (verify.sh ⇄ verify.ps1)"
2026-05-01T21:35:22Z,541,1.999,PASS,"T3.27 #[export] workaround produces correct dot product"
2026-05-01T21:35:22Z,542,2.903,PASS,"T3.28 inline f64 ops on struct-field operands (v0.3.53 fix)"
2026-05-01T21:35:22Z,543,1.267,PASS,"T3.29 inline f64 ops on fn-call results (v0.3.54 fix)"
2026-05-01T21:35:22Z,544,1.266,PASS,"T3.30 inline f64 ops on Vec indexing (v0.3.55 fix)"
2026-05-01T21:35:22Z,545,2.198,PASS,"T3.31 mixed-operand f64 binops (v0.3.56 lock)"
2026-05-01T21:35:22Z,546,1.214,PASS,"T3.32 unary minus on f64 operand kinds (v0.3.57 fix)"
2026-05-01T21:35:22Z,547,1.217,PASS,"T3.33 chained field access on fn-call result (v0.3.58 fix)"
2026-05-01T21:35:22Z,548,2.999,PASS,"T3.34 Vec-of-struct field access (v0.3.59 fix)"
2026-05-01T21:35:22Z,549,0.982,PASS,"T3.35 trait method results in inline f64 binops (v0.3.60 fix)"
2026-05-01T21:35:22Z,550,1.284,PASS,"T3.36 as-cast results in inline f64 binops (v0.3.61 fix)"
2026-05-01T21:35:22Z,551,2.493,PASS,"T3.37 fixed-array [T;N] f64 indexing (v0.3.62 fix)"
2026-05-01T21:35:22Z,552,1.226,PASS,"T3.38 fixed-array-of-struct field access (v0.3.63 fix)"
2026-05-01T21:35:22Z,553,0.697,PASS,"T3.39 sensor-fusion synthesis (v0.3.51-63 production lock)"
2026-05-01T21:35:22Z,554,1.524,PASS,"T3.40 nested-operand indexing (self.samples[i], v0.3.65 fix)"
2026-05-01T21:35:22Z,555,0.878,PASS,"T3.41 method on indexed struct field (p.rects[0].area(), v0.3.66 fix)"
2026-05-01T21:35:22Z,556,1.835,PASS,"T3.42 indexing on fn-call result (make_vec()[i], v0.3.67 fix)"
2026-05-01T21:35:22Z,557,1.612,PASS,"T3.43 nested indexing (grid[i][j], v0.3.68 fix — matrix CLOSED)"
2026-05-01T21:35:22Z,558,0.660,PASS,"T3.44 method-result-returning-struct field access (v0.3.69 fix)"
2026-05-01T21:35:22Z,559,2.626,PASS,"T3.45 Kalman synthesis (v0.3.65-69 nested-composition lock)"
2026-05-01T21:35:22Z,560,0.749,PASS,"T3.46 assoc-fn collection aliases (HashMap/HashSet/BTreeMap/BTreeSet/VecDeque ::new)"
2026-05-01T21:35:22Z,561,1.966,PASS,"T3.47 closure-capture link correctness (runtime helpers __nucleor_capture_set/get)"
2026-05-01T21:35:22Z,562,0.120,PASS,"T3.48 module-scope let diagnostic (parser previously dropped silently)"
2026-05-01T21:35:22Z,563,1.427,PASS,"T3.49 trait-method-call indexed operand f64 dispatch (s.samples()[i])"
2026-05-01T21:35:22Z,564,0.120,PASS,"T3.50 module-scope stmt-keyword diagnostic (return/if/while/for/match/loop/break/continue)"
2026-05-01T21:35:22Z,565,1.234,PASS,"T3.51 let-shadowing semantics (RHS sees outer binding, not new uninit slot)"
2026-05-01T21:35:22Z,566,0.590,PASS,"T3.52 compound assignment desugar (+= -= *= /= %=)"
2026-05-01T21:35:22Z,567,1.505,PASS,"T3.53 inline closure-with-capture at .map/.filter call sites (T2.1/2/3 partial close)"
2026-05-01T21:35:22Z,568,0.898,PASS,"T3.54 match-arm stmt bodies (return/break/continue) — T1.2 partial close"
2026-05-01T21:35:22Z,569,0.405,PASS,"T3.55 nested struct field assign safety net (pre-v0.3.80 segfault → clean diagnostic)"
2026-05-01T21:35:22Z,570,0.595,PASS,"T3.56 indexed-LHS assign safety net (pre-v0.3.81 segfault → clean diagnostic)"
2026-05-01T21:35:22Z,571,0.094,PASS,"T3.57 tuple-destructure let safety net (pre-v0.3.81 segfault → clean diagnostic)"
2026-05-01T21:35:22Z,572,2.259,PASS,"T3.58 trait default-method support (impls inherit defaults; Self substitution)"
2026-05-01T21:35:22Z,573,1.374,PASS,"T3.59 fn-pointer type syntax 'fn(T) -> R' in param positions"
2026-05-01T21:35:22Z,574,0.598,PASS,"T3.60 match-arm assignment body ('pat => x = v')"
2026-05-01T21:35:22Z,575,0.397,PASS,"T3.61 trait/impl associated-const diagnostic (pre-v0.3.85 cascaded parse errors)"
2026-05-01T21:35:22Z,576,2.018,PASS,"T3.62 match multi-capture enum patterns 'Variant(a, b, c)'"
2026-05-01T21:35:22Z,577,0.618,PASS,"T3.63 struct-like enum variant construction 'Variant { field: val }'"
2026-05-01T21:35:22Z,578,0.581,PASS,"T3.64 vec.iter().X() chain (Rust idiom — identity pass-through)"
2026-05-01T21:35:22Z,579,1.817,PASS,"T3.65 trait method with generic param 'fn count<T>(self)'"
2026-05-01T21:35:22Z,580,0.894,PASS,"T3.66 mixed-shorthand struct init 'Point { x: 5, y }'"
2026-05-01T21:35:22Z,581,2.591,PASS,"T3.67 ? operator chain (Ok/Err labels were swapped pre-v0.3.91)"
2026-05-01T21:35:22Z,582,0.867,PASS,"T3.68 Box<dyn Trait> binding/call accepts Box<Concrete> with impl"
2026-05-01T21:35:22Z,583,0.717,PASS,"T3.69 &mut T param diagnostic (HIGH-BLAST silent miscompute pre-v0.3.93)"
2026-05-01T21:35:22Z,584,0.583,PASS,"T3.70 panic!/assert!/dbg! macro forms (textual ! strip)"
2026-05-01T21:35:22Z,585,2.074,PASS,"T3.71 extended macro set (assert_eq!/assert_ne!/todo!/unimplemented!/unreachable!)"
2026-05-01T21:35:22Z,586,0.588,PASS,"T3.72 mut closure capture writeback (FnMut direct closure call)"
2026-05-01T21:35:22Z,587,2.315,PASS,"T3.73 bitwise op diagnostic (HIGH-BLAST silent miscompute pre-v0.3.97)"
2026-05-01T21:35:22Z,588,0.850,PASS,"T3.74 env_get_or runtime helper"
2026-05-01T21:35:22Z,589,1.549,PASS,"T3.75 v0.4.24 silent miscomputes (f32 lit + neg + format spec dispatch)"
2026-05-01T21:35:22Z,590,1.295,PASS,"T3.76 v0.4.27 RFC-0028 phase 5 — {:.N} precision spec for floats"
2026-05-01T21:35:22Z,591,2.538,PASS,"T3.77 v0.4.28 RFC-0028 phase 5 — width / align / zero-pad spec"
2026-05-01T21:35:22Z,592,2.218,PASS,"T3.78 v0.4.29 RFC-0028 phase 5 — radix (x/X/o/b) + alternate form (#)"
2026-05-01T21:35:22Z,593,2.619,PASS,"T3.79 v0.4.30 RFC-0028 phase 5 — force-sign (:+) for integers"
2026-05-01T21:35:22Z,594,0.418,PASS,"T3.80 v0.4.31 unsupported assoc-fn no longer silent-zeros"
2026-05-01T21:35:22Z,595,1.552,PASS,"T3.81 v0.4.32a closure mutate-capture writeback"
2026-05-01T21:35:22Z,596,0.115,PASS,"T3.82 v0.4.32b nested struct field assign no longer silently dropped"
2026-05-01T21:35:22Z,597,0.407,PASS,"T3.83 v0.4.33a let tuple-destructure no longer silent-drops bindings"
2026-05-01T21:35:22Z,598,0.409,PASS,"T3.84 v0.4.33b trait assoc-const no longer silent-drops decl"
2026-05-01T21:35:22Z,599,0.123,PASS,"T3.85 v0.4.33c impl assoc-const no longer silent-drops decl"
2026-05-01T21:35:22Z,600,0.123,PASS,"T3.86 v0.4.35 print() multi-arg no longer silent-drops extras"
2026-05-01T21:35:22Z,601,0.121,PASS,"T3.87 v0.4.36 unknown struct in init no longer cryptic %r.-1"
2026-05-01T21:35:22Z,602,2.106,PASS,"T3.88 v0.4.37 RFC-0028 phase 5 — :X upper-case hex digits"
2026-05-01T21:35:22Z,603,2.532,PASS,"T3.89 v0.4.38 RFC-0028 phase 5 — :e/:E scientific notation"
2026-05-01T21:35:22Z,604,1.276,PASS,"T3.90 v0.4.40 RFC-0028 phase 5 — custom fill char (closes phase 5)"
2026-05-01T21:35:22Z,605,1.003,PASS,"T3.91 v0.4.41 RFC-0028 phase 5+ — :? Debug formatter (str quoting)"
2026-05-01T21:35:22Z,606,0.976,PASS,"T3.92 v0.4.47 NUC-FEEDBACK-002 — Vec<f32>/[i] as f32 silent-miscompute guard"
2026-05-01T21:35:22Z,607,0.139,PASS,"T3.93 v0.4.48 NUC-FEEDBACK-002 — vec_get(v, i) as f32 fn-call form silent-miscompute guard"
2026-05-01T21:35:22Z,608,1.429,PASS,"T3.94 v0.4.49 RFC-0023 partial — int-literal/wildcard or-patterns (silent miscompute close)"
2026-05-01T21:35:22Z,609,0.684,PASS,"T3.95 v0.4.50 NUC-FEEDBACK — if-let Some on .first/.last/.pop silent-segfault guard"
2026-05-01T21:35:22Z,610,0.390,PASS,"T3.96 v0.4.51 NUC-FEEDBACK — str + str silent-segfault guard (use str_concat)"
2026-05-01T21:35:22Z,611,0.143,PASS,"T3.97 v0.4.52 NUC-FEEDBACK — str == str pointer-comparison silent-miscompute guard (use str_eq)"
2026-05-01T21:35:22Z,612,1.269,PASS,"T3.98 v0.4.53 NUC-FEEDBACK — Option/Result method on non-Option receiver silent-link-error guard"
2026-05-01T21:35:22Z,613,0.148,PASS,"T3.99 v0.4.54 NUC-FEEDBACK — '?' on non-Option/Result receiver silent-segfault guard"
2026-05-01T21:35:22Z,614,0.121,PASS,"T3.100 v0.4.55 NUC-FEEDBACK — slice expression 'expr[lo..hi]' silent-segfault guard"
2026-05-01T21:35:22Z,615,0.696,PASS,"T3.101 v0.4.56 NUC-FEEDBACK — non-exhaustive match (stmt form) silent-miscompute close — MATCH-001 promoted to error"
2026-05-01T21:35:22Z,616,0.150,PASS,"T3.102 v0.4.58 NUC-FEEDBACK — str -/*//% silent-segfault guard (extends v0.4.51 + close)"
2026-05-01T21:35:22Z,617,0.444,PASS,"T3.103 v0.4.59 NUC-FEEDBACK — non-exhaustive match in EXPR context halts (closes deferral #306)"
2026-05-01T21:35:22Z,618,1.728,PASS,"T3.104 v0.4.60 NUC-FEEDBACK — undefined fn call surfaces at type-check (closes deferral #2)"
2026-05-01T21:35:22Z,619,0.145,PASS,"T3.105 v0.4.61 NUC-FEEDBACK — Vec<T> arithmetic + ==/!= silent miscompute (closes deferral #1)"
2026-05-01T21:35:22Z,620,0.425,PASS,"T3.106 v0.4.62 NUC-FEEDBACK — struct init missing-field silent-default-zero (TYP-012)"
2026-05-01T21:35:22Z,621,0.692,PASS,"T3.107 v0.4.63 NUC-FEEDBACK — struct init unknown-field silent-drop (TYP-013)"
2026-05-01T21:35:22Z,622,0.410,PASS,"T3.108 v0.4.64 NUC-FEEDBACK — indexed assignment type-mismatch (TYP-009)"
2026-05-01T21:35:22Z,623,0.112,PASS,"T3.109 v0.4.65 NUC-FEEDBACK — field assignment type-mismatch (TYP-009)"
2026-05-01T21:35:22Z,624,0.112,PASS,"T3.110 v0.4.66 NUC-FEEDBACK — mixed str/int arithmetic (TYP-011, also catches += desugar)"
2026-05-01T21:35:22Z,625,1.566,PASS,"T3.111 v0.4.67 NUC-FEEDBACK — str ordering ops <, <=, >, >= ptr-compare (TYP-011)"
2026-05-01T21:35:22Z,626,0.116,PASS,"T3.112 v0.4.68 NUC-FEEDBACK — Vec ordering ops <, <=, >, >= ptr-compare (TYP-011)"
2026-05-01T21:35:22Z,627,0.416,PASS,"T3.113 v0.4.69 NUC-FEEDBACK — '=' vs '==' typo guard in while/if conditions"
2026-05-01T21:35:22Z,628,0.404,PASS,"T3.114 v0.4.70 audit S1 — NUM-002 literal-out-of-range promoted to error"
2026-05-01T21:35:22Z,629,0.099,PASS,"T3.115 v0.4.70 audit S10 — format placeholder/arg count mismatch halt at preprocess"
2026-05-01T21:35:22Z,630,0.117,PASS,"T3.116 v0.4.71 audit S1 — bool with bitwise/shift ops (TYP-002 extended)"
2026-05-01T21:35:22Z,631,1.250,PASS,"T3.117 v0.4.72 doc-#2 §5 — str_from_i64(i64) contract honesty (str_from_int kept as wrapper)"
2026-05-01T21:35:22Z,632,0.113,PASS,"T3.118 v0.4.73 audit S2 — generic Option payload type propagates into match arm"
2026-05-01T21:35:22Z,633,0.119,PASS,"T3.119 v0.4.73 audit S2 — generic Result payload type propagates into match arm"
2026-05-01T21:35:22Z,634,0.454,PASS,"T3.120 v0.4.73 audit S2 — Vec element type propagates through index, vec_get, first"
2026-05-01T21:35:22Z,635,0.137,PASS,"T3.121 v0.4.74 NUM-009 — division/remainder by literal zero (silent runtime SIGFPE → compile-time halt)"
2026-05-01T21:35:22Z,636,0.116,PASS,"T3.122 v0.4.75 NUM-008 — shift amount out of range for i64 (LLVM poison → compile-time halt)"
2026-05-01T21:35:22Z,637,0.407,PASS,"T3.123 v0.4.76 NUM-018 — float literal in integer-typed binding (silent IEEE-bits-as-i64 → halt)"
2026-05-01T21:35:22Z,638,0.674,PASS,"T3.124 v0.4.76 TYP-002 — unary  on non-bool (silent xor-with-1 → halt)"
2026-05-01T21:35:22Z,639,0.119,PASS,"T3.125 v0.4.77 NUM-019 — negative literal in unsigned binding (silent two's-complement-wrap → halt)"
2026-05-01T21:35:22Z,640,0.407,PASS,"T3.126 v0.4.78 NR020 — parse error halts (was print-and-recover → broken binary)"
2026-05-01T21:35:22Z,641,0.382,PASS,"T3.127 v0.4.79 — tuple destructure pattern in match halts (was silent downgrade to wildcard)"
2026-05-01T21:35:22Z,642,0.951,PASS,"T3.128 v0.4.79 — let at module scope halts (was silent skip)"
2026-05-01T21:35:22Z,643,0.121,PASS,"T3.129 v0.4.80 — int literal as Vec/tokenizer handle halts (was print WARNING + guaranteed runtime SIGSEGV)"
2026-05-01T21:35:22Z,644,0.395,PASS,"T3.130 v0.4.83 TYP-008 ext — immutable let without initializer halts (was silent zero-read)"
2026-05-01T21:35:22Z,645,0.400,PASS,"T3.131 v0.4.84 TYP-008 ext — struct field type mismatch on literal RHS halts (was silent ptr-as-i64 miscompute)"
2026-05-01T21:35:22Z,646,0.120,PASS,"T3.132 v0.4.85 TYP-008 ext — Vec<T>.push(literal) wrong type halts (was silent str-ptr-as-i64-cell miscompute)"
2026-05-01T21:35:22Z,647,0.411,PASS,"T3.133 v0.4.86 TYP-008 ext — Vec<T>.set/.insert(idx, literal) wrong type halts (extends v0.4.85)"
2026-05-01T21:35:22Z,648,3.186,PASS,"T3.134 v0.4.87 dispatch fix — v.insert/v.remove now route to vec_insert_at/vec_remove_at (was clang link failure)"
2026-05-01T21:35:22Z,649,2.795,PASS,"T3.135 v0.4.88 dispatch fix — s.len/contains/replace/split/starts_with/ends_with route to str_* (was silent vec_* miscompute)"
2026-05-01T21:35:22Z,650,2.342,PASS,"T3.136 v0.4.89 — extend str dispatch to to_lower/to_upper/trim/trim_start/trim_end/substring/char_at (7 more methods)"
2026-05-01T21:35:22Z,651,3.441,PASS,"T3.137 v0.4.90 CRITICAL — Option/Result method dispatch (was unusable v0.4.53..v0.4.89 due to false non-Option panic)"
2026-05-01T21:35:22Z,652,1.626,PASS,"T3.138 v0.4.92 — Option/Result fn-arg methods (.map/.and_then/.unwrap_or_else)"
2026-05-01T21:35:22Z,653,1.581,PASS,"T3.139 v0.4.93 — Result.or_else(f) recovery method"
2026-05-01T21:35:22Z,654,0.683,PASS,"T3.140 v0.4.94 TYP-011 — s[i] on str halts (was silent vec_get on str pointer → OOB/garbage)"
2026-05-01T21:35:22Z,655,0.635,PASS,"T3.141 v0.4.95 — variable-divisor zero panics with clean message (was silent SIGFPE / exit 127)"
2026-05-01T21:35:22Z,656,3.732,PASS,"T3.142 v0.4.96 RFC-0028 — struct Display/Debug format dispatch + FMT-002 (audit doc-#1 §10)"
2026-05-01T21:35:22Z,657,1.971,PASS,"T3.143 v0.4.97 — recursive Debug for Vec<i64>/Option<i64>/Result<i64,i64> (audit doc-#1 §10b)"
2026-05-01T21:35:22Z,658,2.871,PASS,"T3.144 v0.4.98 — Vec debug element-type dispatch: Vec<str> + Vec<Option<i64>>"
2026-05-01T21:35:22Z,659,0.091,PASS,"T3.145 v0.4.99 §_p — parse_primary fall-through panics for non-recovery tokens (audit doc-#1)"
2026-05-01T21:35:22Z,660,2.290,PASS,"T3.146 v0.4.115 RFC-0016 §3.7 — ? applies From<SrcErr> for DstErr conversion; explicit Into<T> parses"
2026-05-01T21:35:22Z,661,6.333,PASS,"T3.147 v0.4.119 rich match patterns — enum or, @, struct, slice, tuple, MATCH-008/009/010"
2026-05-01T21:35:22Z,662,1.312,PASS,"T3.148 v0.4.146 NUM-008 — variable shift RHS halts when const, panics cleanly at runtime otherwise"
2026-05-01T21:35:22Z,663,1.277,PASS,"T3.saturating block add/sub/mul lower per operation"
2026-05-01T21:35:22Z,664,5.624,PASS,"T3.strict intrinsic signed narrow overflow i8/i16/i32 + env precedence"
2026-05-01T21:35:22Z,665,1.517,PASS,"v0.4.239 regression — wrapping {} block must not trap under strict default"
2026-05-01T21:35:22Z,666,2.267,PASS,"v0.4.245 RFC-0006 — #[require(EXPR)] runtime check fires (CONTRACT-001)"
2026-05-01T21:35:22Z,667,2.126,PASS,"v0.4.246 RFC-0006 — #[ensure(EXPR)] runtime check fires (CONTRACT-002)"
2026-05-01T21:35:22Z,668,2.491,PASS,"v0.4.247 RFC-0006 — #[ensure(EXPR)] mid-body return support"
2026-05-01T21:35:22Z,669,1.895,PASS,"v0.4.248 RFC-0006 — #[invariant(EXPR)] impl-block runtime check (CONTRACT-003)"
2026-05-01T21:35:22Z,670,3.284,PASS,"v0.4.250 RFC-0006 — multiple #[require] / #[ensure] attributes per fn"
2026-05-01T21:35:22Z,671,2.338,PASS,"v0.4.251 RFC-0006 — old(expr) snapshot in #[ensure]"
2026-05-01T21:35:22Z,672,4.430,PASS,"v0.4.252 RFC-0006 — NUCLEOR_DBC_MODE strip-out (debug/safe-release/release)"
2026-05-01T21:35:22Z,673,4.606,PASS,"v0.4.253 RFC-0006 — #[invariant] constructor exit-emit"
2026-05-01T21:35:22Z,674,4.613,PASS,"v0.4.258 RFC-0006 — #[no_check] per-fn opt-out marker"
2026-05-01T21:35:22Z,675,0.428,PASS,"v0.4.271 RFC-0006 — old() over heap-aliased types reject (CONTRACT-006)"
2026-05-01T21:35:22Z,676,1.284,PASS,"v0.4.272 RFC-0006 — result in void-fn #[ensure] reject (CONTRACT-008)"
2026-05-01T21:35:22Z,677,2.486,PASS,"v0.4.275 RFC-0006 — invalid NUCLEOR_DBC_MODE reject (CONTRACT-009)"
2026-05-01T21:35:22Z,678,0.386,PASS,"v0.4.276 MATCH-012 single-line panic (no print+panic stutter)"
2026-05-01T21:35:22Z,679,0.134,PASS,"v0.4.277 RFC-0006 — old() in #[require] reject (CONTRACT-010)"
2026-05-01T21:35:22Z,680,0.411,PASS,"v0.4.283 RFC-0006 — undefined ident in contract reject (CONTRACT-011)"
2026-05-01T21:35:22Z,681,1.029,PASS,"v0.4.279 str_char_at_strict in-bounds works"
2026-05-01T21:35:22Z,682,1.962,PASS,"v0.4.279 str_char_at_strict OOB panics"
2026-05-01T21:35:22Z,683,0.139,PASS,"v0.4.280 ATOMIC-006 closure+atomic compiler-meltdown halt"
2026-05-01T21:35:22Z,684,2.699,PASS,"v0.4.281 RFC-0007 AtomicBool ordered ops (load/store/CAS)"
2026-05-01T21:35:22Z,685,2.699,PASS,"v0.5 Track L content-addressed cache v2 correctness"
2026-05-01T21:35:22Z,686,3.411,PASS,"T3.9 RT-005 fires on FFI call from RT fn body"
2026-05-01T21:35:22Z,687,1.473,PASS,"T3.15 #[ffi_no_alloc] marker silences RT-005 for that extern"
2026-05-01T21:35:22Z,688,1.777,PASS,"T3.16 #[deadline] needs BOTH ffi_no_* markers (intersection rule)"
2026-05-01T21:35:22Z,689,2.628,PASS,"T3.10 RT-008 fires on direct recursion in deadline fn"
2026-05-01T21:35:22Z,690,4.746,PASS,"RFC-0014 max_depth static analysis + runtime wrapper"
2026-05-01T21:35:22Z,691,1.474,PASS,"T3.11 bare arena_* builtins link + run end-to-end"
2026-05-01T21:35:22Z,692,2.482,PASS,"v0.3.0 #[deadline=N] runtime check passes within budget"
2026-05-01T21:35:22Z,693,0.683,PASS,"v0.3.0 #[deadline=N] overrun aborts with RT-004"
2026-05-01T21:35:22Z,694,2.610,PASS,"v0.5.10 i32::MIN / -1 panics cleanly (not Windows STATUS_INTEGER_OVERFLOW)"
2026-05-01T21:35:22Z,695,1.205,PASS,"v0.5.12 str_to_int_strict panics on invalid input"
2026-05-01T21:35:22Z,696,8.071,PASS,"T1.7 bootstrap seed matches current compiler"
